{
    "intExample": 5,
    "strExample": "Hello!",
    "boolExample": [
        false,
        false,
        false,
        false
    ],
    "idSave": 229,
    "coins": 25,
    "gems": 60,
    "purchasedWeaponIds": [
        "ak47_weapon",
        "kar96_weapon",
        "m4_weapon",
        "uzi_weapon",
        "pistol_weapon",
        "rpg_weapon",
        "shotgun_weapon",
        "thompson_weapon"
    ],
    "purchasedSkinIds": [
        "guy_skin",
        "guy2_skin",
        "boar_skin",
        "alien_skin",
        "goblin_skin"
    ],
    "currentRewardDays": 2,
    "lastClaimDateTime": "2025-07-06T18:33:40.2016155Z",
    "rewardReceived": [
        1,
        1,
        0,
        0,
        0,
        0,
        0,
        0,
        0,
        0
    ]
}