Key,Id,English(en),Russian(ru)
"OnePlayerButtonKey",19678617600,"1 Player","1 Игрок"
"TwoPlayerButtonKey",196837629952,"2 Players","2 Игрока"
"ShopButtonKey",268853829632,"Market","Магазин"
"SettingsKey",817228001595392,"Settings","Настройки"
"MasterVolumeKey",817231432536064,"Master Volume","Основная громкость"
"MusicVolumeKey",817239758229504,"Music Volume","Громкость музыки"
"Level_0_Key",828031371071488,"Blocks","Блоки"
"Level_1_Key",828085754417152,"Lines","Линии"
"Level_2_Key",828088807870464,"Platforms","Платформы"
"Level_3_Key",828090359762944,"Cube","Куб"
"Level_4_Key",828091911655424,"Parallels","Параллели"
"DifficultyEasyKey",830926028034048,"Difficulty: Easy","Сложность: Легкая"
"DifficultyMediumKey",830947309932544,"Difficulty: Medium","Сложность: Средняя"
"DifficultyHardKey",1782282108817408,"Difficulty: Hard","Сложность: Сложная"
"StartGameButtonKey",833183658299392,"Start game","Начать игру"
"InputHelperTextKey",1175334514610176,"Input helper","Управление"
"InputMovementKey",1175667135500288,"Movement","Передвижение"
"InputJumpKey",1175797389611008,"Jump","Прыжок"
"InputShotKey",1175799247687680,"Shot","Выстрел"
"FirstPlayerInputTextKey",1176087979380736,"First player input","Управление первого игрока"
"SecondPlayerInputTextKey",1176203247243264,"Second player input","Управление второго игрока"
"CoinCountText",4438832606629888,"Coins:","Монет:"
"PurchaseConfirmPanelKey",5456894613016576,"Do you really want to purchase this skin?","Вы действительно хотите приобрести данный скин?
"
"ConfirmKey",5457407505092608,"Purchase","Купить"
"CancelKey",5457549155127296,"Maybe later","Может быть, позже"
"AlienKey",5457926634098688,"Alien","Пришелец"
"BoarKey",5458019693121536,"Boar","Кабан"
"BuffaloKey",5458177449283584,"Buffalo","Бык"
"ChipmunkKey",5458242884620288,"Chipmunk","Бурундук"
"GoblinKey",5458344751681536,"Goblin","Гоблин"
"NinjaKey",5458398606544896,"Ninja","Ниндзя"
"PurchasedTextKey",5469141020200960,"Purchased!","Куплен!"
"AvailableSkinsKey",5474523687964672,"(All available skins)","(Все доступные скины)"
"AvailableCaseKey",5474647075999744,"(All available cases)","(Все доступные кейсы)"
"ComingSoonKey",6920167334105088,"Coming soon!","Скоро будет!"
"AK47Key",6942332251033600,"Kalashnikov","Автомат Калашников"
"AWPKey",6942390556053504,"Heavy sniper rifle","Тяжелая снайперская винтовка"
"DeagleKey",6942630541545472,"Heavy pistol","Тяжелый пистолет"
"FamasKey",6942669137530880,"Assault rifle","Штурмовая винтовка"
"Kar96Key",6942683888898048,"Light sniper rifle","Легкая снайперская винтовка"
"M4A1Key",6942721251758080,"Light assault rifle","Легкая штурмовая винтовка"
"MiniUziKey",6942749110325248,"Mini Uzi","Мини Узи"
"MP5Key",6942788524199936,"Submachine gun","Пистолет-пулемет"
"PistolKey",6942814528884736,"Light pistol","Легкий пистолет"
"ScarKey",6942848737628160,"Heavy assault rifle","Тяжелая штурмовая винтовка"
"ShotgunKey",6942870963245056,"Shotgun","Дробовик "
"AutoShotgunKey",6942914122633216,"Automatic shotgun","Автоматический дробовик "
"WeaponStatsTextKey",7223235288256512,"Weapon Characteristics:","Характеристики оружия:"
"WeaponDamageKey",7228957329739776,"""Weapon damage: {weaponDamage}""","""Урон оружия: {weaponDamage}"""
"NoHaveMoneyKey",8620701829058560,"У тебя нет монет!","У тебя нет монет!"